,entry_proc_U0,,status1.csv
,read_input_U0,,status2.csv
,sobel_U0,,status3.csv
,filter_U0,,status4.csv
filter_U0,filterSingle_U0,,status5.csv
filter_U0,filterSingle_1_U0,,status6.csv
filter_U0,filterSingle_2_U0,,status7.csv
,response_U0,,status8.csv
,findCorner_U0,,status9.csv
,write_result_U0,,status10.csv
,AESL_inst_harris,,module_status1.csv
response_U0,grp_response_Pipeline_VITIS_LOOP_325_1_VITIS_LOOP_326_2_fu_76,,module_status2.csv
findCorner_U0,grp_findCorner_Pipeline_VITIS_LOOP_375_1_VITIS_LOOP_376_2_fu_22,,module_status3.csv
findCorner_U0,grp_findCorner_Pipeline_VITIS_LOOP_452_9_fu_30,,module_status4.csv
